City_ID,City,Country,Date,Lat,Lng,Max Temp,Humidity,Cloudiness,Wind Speed
0,Geraldton,AU,2021-09-27 20:02:07,-28.7667,114.6,50.41,93,40,8.05
1,Porto Santo,PT,2021-09-27 20:02:08,33.072,-16.3415,71.98,73,20,4.61
2,Punta Arenas,CL,2021-09-27 19:57:51,-53.15,-70.9167,50.11,57,75,33.38
3,Jamestown,US,2021-09-27 20:00:00,42.097,-79.2353,77.02,56,100,10.0
4,Tiksi,RU,2021-09-27 20:02:08,71.6872,128.8694,31.96,98,100,3.76
5,Tuktoyaktuk,CA,2021-09-27 20:02:09,69.4541,-133.0374,28.35,80,89,11.99
6,Gewane,ET,2021-09-27 20:02:09,10.1664,40.6453,88.95,31,76,6.62
7,Castro,BR,2021-09-27 20:01:30,-24.7911,-50.0119,82.65,41,16,2.13
8,Faanui,PF,2021-09-27 20:02:09,-16.4833,-151.75,79.41,74,7,19.17
9,Kavieng,PG,2021-09-27 20:02:10,-2.5744,150.7967,81.88,75,97,9.1
10,Hilo,US,2021-09-27 20:02:10,19.7297,-155.09,81.81,90,95,8.37
11,Rikitea,PF,2021-09-27 20:02:10,-23.1203,-134.9692,73.76,71,29,22.48
12,Chapais,CA,2021-09-27 20:02:11,49.7834,-74.8492,43.2,89,99,9.53
13,Roma,US,2021-09-27 20:02:11,43.2128,-75.4557,76.86,67,40,4.61
14,Mataura,NZ,2021-09-27 20:02:12,-46.1927,168.8643,42.48,63,51,2.66
15,Port Hedland,AU,2021-09-27 20:02:12,-20.3167,118.5667,62.65,77,30,8.05
16,Kudat,MY,2021-09-27 20:02:12,6.8837,116.8477,78.62,87,16,3.27
17,Cape Town,ZA,2021-09-27 20:02:13,-33.9258,18.4232,59.27,60,1,8.23
18,Dom Pedrito,BR,2021-09-27 20:02:13,-30.9828,-54.6731,78.57,67,0,3.09
19,Nikolskoye,RU,2021-09-27 20:02:13,59.7035,30.7861,46.8,97,0,3.44
20,Chipinge,ZW,2021-09-27 20:02:14,-20.1883,32.6236,64.06,68,43,6.08
21,Beni,CD,2021-09-27 20:02:14,0.5,29.4667,62.62,94,92,2.51
22,Saint-Philippe,RE,2021-09-27 20:02:15,-21.3585,55.7679,69.39,81,40,13.4
23,Barrow,US,2021-09-27 20:00:46,71.2906,-156.7887,30.22,80,90,14.97
24,Bandarbeyla,SO,2021-09-27 20:02:15,9.4942,50.8122,77.36,88,2,14.97
25,Coquimbo,CL,2021-09-27 20:01:44,-29.9533,-71.3436,64.67,62,0,6.93
26,Zemio,CF,2021-09-27 20:02:16,5.0314,25.1361,70.99,94,58,2.3
27,Acapulco,MX,2021-09-27 20:00:24,16.8634,-99.8901,85.23,67,75,6.8
28,Kendari,ID,2021-09-27 20:02:16,-3.945,122.4989,73.53,93,93,2.15
29,Dmitriyevka,RU,2021-09-27 20:02:17,54.75,55.3333,40.55,72,100,15.9
30,Marechal Candido Rondon,BR,2021-09-27 20:02:17,-24.5561,-54.0567,94.26,26,0,0.92
31,Ocos,GT,2021-09-27 20:02:17,14.5094,-92.1933,91.58,72,76,6.78
32,Bluff,NZ,2021-09-27 20:02:18,-46.6,168.3333,42.8,71,59,11.1
33,Saint George,US,2021-09-27 20:00:14,37.1041,-113.5841,88.63,33,1,1.01
34,Naze,JP,2021-09-27 20:02:18,28.3667,129.4833,76.71,83,7,9.66
35,Hasaki,JP,2021-09-27 20:02:19,35.7333,140.8333,63.28,73,41,13.96
36,Westport,US,2021-09-27 20:02:19,41.1415,-73.3579,80.76,54,1,1.01
37,Grand Gaube,MU,2021-09-27 20:02:19,-20.0064,57.6608,71.38,71,68,7.0
38,Qaanaaq,GL,2021-09-27 20:02:20,77.484,-69.3632,24.55,68,100,5.99
39,Kropotkin,RU,2021-09-27 20:02:20,45.4375,40.5756,55.87,60,99,4.21
40,Isangel,VU,2021-09-27 20:02:20,-19.55,169.2667,72.57,73,8,9.31
41,Ushuaia,AR,2021-09-27 20:00:51,-54.8,-68.3,44.22,70,100,8.16
42,Port Alfred,ZA,2021-09-27 20:02:21,-33.5906,26.891,64.4,83,100,20.24
43,Wyndham,US,2021-09-27 20:02:21,37.6985,-77.6125,83.82,46,1,3.0
44,Ambilobe,MG,2021-09-27 20:02:22,-13.2,49.05,73.45,66,23,5.01
45,Dzaoudzi,YT,2021-09-27 20:02:22,-12.7887,45.2699,75.09,83,0,3.44
46,Elko,US,2021-09-27 20:02:23,41.0002,-115.5012,78.06,12,0,11.01
47,Ulaanbaatar,MN,2021-09-27 20:00:13,47.9077,106.8832,36.34,88,91,6.02
48,Nagornyy,RU,2021-09-27 20:02:23,52.7959,83.5498,31.35,84,99,8.14
49,Korhogo,CI,2021-09-27 20:02:23,9.45,-5.6333,74.52,82,83,4.43
50,Ponta Do Sol,PT,2021-09-27 20:02:24,32.6667,-17.1,72.23,70,47,5.23
51,Bathsheba,BB,2021-09-27 20:02:24,13.2167,-59.5167,84.56,69,80,8.5
52,Arraial Do Cabo,BR,2021-09-27 20:02:24,-22.9661,-42.0278,72.1,84,0,20.47
53,Yumen,CN,2021-09-27 20:02:25,40.2833,97.2,61.52,21,0,10.78
54,Maur,IN,2021-09-27 20:02:25,30.0833,75.25,81.48,68,27,1.07
55,Agadir,MA,2021-09-27 20:02:25,30.4202,-9.5982,75.65,54,5,1.5
56,Valparaiso,CL,2021-09-27 19:59:41,-33.0393,-71.6273,80.83,38,0,5.75
57,Buraydah,SA,2021-09-27 20:02:26,26.326,43.975,78.12,12,11,9.31
58,Makakilo City,US,2021-09-27 20:02:26,21.3469,-158.0858,83.61,61,75,4.61
59,Inta,RU,2021-09-27 20:02:27,66.0317,60.1659,37.18,73,100,9.22
60,Uvalde,US,2021-09-27 20:02:27,29.3669,-99.767,92.19,25,40,6.91
61,Cherskiy,RU,2021-09-27 20:02:27,68.75,161.3,23.43,89,100,12.62
62,Narsaq,GL,2021-09-27 20:02:28,60.9167,-46.05,37.62,45,0,1.79
63,Albany,US,2021-09-27 19:59:19,42.6001,-73.9662,74.68,71,91,7.54
64,Guerrero Negro,MX,2021-09-27 19:59:20,27.9769,-114.0611,73.8,60,31,14.63
65,Fallon,US,2021-09-27 20:02:28,39.4735,-118.7774,83.43,14,40,4.61
66,Aklavik,CA,2021-09-27 20:02:29,68.2191,-135.0107,29.34,78,6,9.06
67,Hobart,AU,2021-09-27 19:59:10,-42.8794,147.3294,45.1,87,40,1.01
68,Cockburn Town,TC,2021-09-27 20:02:29,21.4612,-71.1419,82.94,71,2,3.83
69,Corinto,GR,2021-09-27 20:02:29,37.9407,22.9573,77.76,56,2,3.49
70,Puerto Ayora,EC,2021-09-27 20:02:30,-0.7393,-90.3518,69.4,89,84,10.69
71,Bexley,US,2021-09-27 20:02:30,39.9689,-82.9377,86.49,42,20,18.41
72,Tuatapere,NZ,2021-09-27 20:02:30,-46.1333,167.6833,42.82,73,86,5.32
73,Mackay,AU,2021-09-27 20:02:31,-21.15,149.2,69.04,69,100,13.87
74,Atuona,PF,2021-09-27 20:02:31,-9.8,-139.0333,77.81,74,21,19.19
75,Tskaltubo,GE,2021-09-27 20:02:31,42.3254,42.5979,56.34,88,40,2.3
76,Puerto Maldonado,PE,2021-09-27 19:58:29,-12.6,-69.1833,97.2,46,0,5.75
77,Hithadhoo,MV,2021-09-27 20:02:32,-0.6,73.0833,82.44,76,100,13.13
78,Busselton,AU,2021-09-27 20:02:32,-33.65,115.3333,51.08,92,52,8.93
79,Avarua,CK,2021-09-27 20:02:33,-21.2078,-159.775,77.05,78,20,4.61
80,Rio Verde De Mato Grosso,BR,2021-09-27 20:02:33,-18.9181,-54.8442,97.81,22,50,2.33
81,Gdynia,PL,2021-09-27 20:02:08,54.5189,18.5319,55.04,82,0,11.5
82,San Lorenzo De El Escorial,ES,2021-09-27 20:02:33,40.5914,-4.1474,68.16,66,15,0.74
83,Ahipara,NZ,2021-09-27 20:02:34,-35.1667,173.1667,53.96,62,57,11.14
84,Umm Kaddadah,SD,2021-09-27 20:02:34,13.6017,26.6876,89.53,33,86,5.79
85,Sassandra,CI,2021-09-27 20:02:34,4.95,-6.0833,75.15,94,100,6.91
86,Dikson,RU,2021-09-27 20:02:35,73.5069,80.5464,35.53,86,23,19.53
87,Leningradskiy,RU,2021-09-27 20:02:35,69.3833,178.4167,26.24,96,100,9.48
88,Georgetown,MY,2021-09-27 20:02:36,5.4112,100.3354,78.73,92,40,0.0
89,Chuy,UY,2021-09-27 20:02:37,-33.6971,-53.4616,63.19,75,60,9.19
90,Taltal,CL,2021-09-27 20:02:37,-25.4,-70.4833,64.81,66,24,5.59
91,Bonavista,CA,2021-09-27 20:02:38,48.6499,-53.1147,58.01,98,96,13.91
92,Rio Grande,BR,2021-09-27 20:02:38,-32.035,-52.0986,71.94,85,4,7.38
93,Ivanivka,UA,2021-09-27 20:02:38,46.7208,34.553,52.36,62,14,7.31
94,Asau,RO,2021-09-27 20:02:39,46.4333,26.4,59.4,79,98,3.15
95,Bredasdorp,ZA,2021-09-27 20:02:39,-34.5322,20.0403,53.28,86,11,5.99
96,Eureka,US,2021-09-27 20:02:40,40.8021,-124.1637,64.2,94,100,10.0
97,Puerto Escondido,MX,2021-09-27 20:02:40,15.85,-97.0667,86.4,65,89,7.11
98,Kaitangata,NZ,2021-09-27 20:02:40,-46.2817,169.8464,41.94,80,49,6.24
99,Mitsamiouli,KM,2021-09-27 20:02:41,-11.3847,43.2844,76.66,78,0,1.54
100,Krasnooktyabrskiy,RU,2021-09-27 20:02:41,44.9328,38.3712,54.95,79,11,1.43
101,Diego De Almagro,CL,2021-09-27 20:02:42,-26.3667,-70.05,85.35,12,0,11.52
102,Bengkulu,ID,2021-09-27 20:02:42,-3.8004,102.2655,75.85,90,99,2.51
103,Port Elizabeth,ZA,2021-09-27 20:02:42,-33.918,25.5701,63.1,86,9,14.38
104,Kodiak,US,2021-09-27 20:02:43,57.79,-152.4072,44.6,49,100,1.9
105,Marsh Harbour,BS,2021-09-27 20:02:43,26.5412,-77.0636,80.74,71,9,18.79
106,Yellowknife,CA,2021-09-27 20:01:12,62.456,-114.3525,51.42,70,11,4.0
107,Upernavik,GL,2021-09-27 20:02:44,72.7868,-56.1549,26.13,56,24,3.42
108,Sur,OM,2021-09-27 20:02:44,22.5667,59.5289,83.77,68,63,9.46
109,Butaritari,KI,2021-09-27 20:02:44,3.0707,172.7902,83.57,73,88,19.42
110,Vaini,TO,2021-09-27 20:02:45,-21.2,-175.2,75.36,78,20,3.44
111,Korla,CN,2021-09-27 20:02:45,41.7597,86.1469,65.7,26,0,2.77
112,Tarko-Sale,RU,2021-09-27 20:02:45,64.9225,77.785,32.86,83,68,7.81
113,Srednekolymsk,RU,2021-09-27 20:02:46,67.45,153.6833,24.98,93,100,17.87
114,Mar Del Plata,AR,2021-09-27 19:58:01,-38.0023,-57.5575,53.06,70,75,7.0
115,Yefremov,RU,2021-09-27 20:02:46,53.1481,38.0992,47.59,88,100,10.78
116,Tasiilaq,GL,2021-09-27 20:02:47,65.6145,-37.6368,37.56,69,2,6.29
117,Tuy Hoa,VN,2021-09-27 20:01:55,13.0833,109.3,75.56,90,92,4.94
118,Airai,TL,2021-09-27 20:02:47,-8.9266,125.4092,57.25,77,48,2.28
119,Luganville,VU,2021-09-27 20:02:47,-15.5333,167.1667,77.4,84,90,10.04
120,Inuvik,CA,2021-09-27 20:02:48,68.3499,-133.7218,27.57,89,9,8.86
121,Thinadhoo,MV,2021-09-27 20:02:48,0.5333,72.9333,83.12,74,100,16.64
122,Nesna,NO,2021-09-27 20:02:49,66.1967,13.0213,62.71,76,92,20.6
123,Kamenka,RU,2021-09-27 20:02:49,51.3223,42.7678,45.57,94,100,6.38
124,Alyangula,AU,2021-09-27 20:02:50,-13.8483,136.4192,76.86,83,100,4.12
125,Kavaratti,IN,2021-09-27 20:02:50,10.5669,72.642,81.52,79,100,20.11
126,Evensk,RU,2021-09-27 20:02:50,61.95,159.2333,39.16,55,100,4.07
127,Carnarvon,AU,2021-09-27 20:02:51,-24.8667,113.6333,62.08,67,6,11.88
128,Qaqortoq,GL,2021-09-27 20:02:51,60.7167,-46.0333,37.9,47,0,0.78
129,Caravelas,BR,2021-09-27 20:02:51,-17.7125,-39.2481,75.67,77,58,8.97
130,Kinango,KE,2021-09-27 20:02:52,-4.1372,39.3153,68.22,95,19,4.29
131,Provideniya,RU,2021-09-27 20:02:52,64.3833,-173.3,28.51,80,90,11.18
132,Padang,ID,2021-09-27 20:02:52,-0.9492,100.3543,77.47,88,32,3.83
133,Key Largo,US,2021-09-27 20:00:04,25.0865,-80.4473,90.0,59,0,16.78
134,Lebu,CL,2021-09-27 20:01:22,-37.6167,-73.65,53.71,62,18,18.25
135,Mandalgovi,MN,2021-09-27 20:02:53,45.7625,106.2708,43.3,43,46,14.25
136,Alofi,NU,2021-09-27 20:02:53,-19.0595,-169.9187,78.69,69,40,12.66
137,Sarh,TD,2021-09-27 20:02:53,9.1429,18.3923,75.22,82,38,2.86
138,Yar-Sale,RU,2021-09-27 20:02:54,66.8333,70.8333,32.92,83,0,9.46
139,Bethel,US,2021-09-27 20:01:35,41.3712,-73.414,78.03,57,25,1.99
140,Barsovo,RU,2021-09-27 20:02:54,61.1667,73.1667,35.73,92,7,6.04
141,Wattegama,LK,2021-09-27 20:02:55,6.7989,81.4808,78.49,65,69,8.37
142,Pinega,RU,2021-09-27 20:02:55,64.7001,43.3936,45.5,86,97,4.05
143,Fairbanks,US,2021-09-27 20:02:12,64.8378,-147.7164,34.61,79,32,2.55
144,Ukmerge,LT,2021-09-27 20:02:55,55.25,24.75,49.68,93,4,7.34
145,Ketchikan,US,2021-09-27 20:02:56,55.3422,-131.6461,50.47,87,90,0.0
146,Clyde River,CA,2021-09-27 20:02:56,70.4692,-68.5914,30.09,81,84,11.7
147,Churapcha,RU,2021-09-27 20:02:56,62.0025,132.4325,32.95,74,38,11.95
148,Gat,IL,2021-09-27 20:02:57,31.61,34.7642,75.88,59,67,7.63
149,Khatanga,RU,2021-09-27 20:02:57,71.9667,102.5,26.65,81,41,7.87
150,Marystown,CA,2021-09-27 20:02:57,47.1666,-55.1483,62.85,100,97,10.0
151,Bubaque,GW,2021-09-27 20:02:58,11.2833,-15.8333,83.97,77,100,11.63
152,Tvoroyri,FO,2021-09-27 20:02:58,61.5556,-6.8111,47.59,82,100,11.34
153,Ugoofaaru,MV,2021-09-27 20:02:58,5.6667,73.0,81.09,80,100,17.52
154,Darhan,MN,2021-09-27 20:02:59,49.4867,105.9228,38.73,67,100,11.48
155,Thompson,CA,2021-09-27 20:02:59,55.7435,-97.8558,60.67,42,100,8.57
156,Tual,ID,2021-09-27 20:02:59,-5.6667,132.75,80.53,82,51,14.47
157,Helong,CN,2021-09-27 20:03:00,42.5397,128.9972,57.4,97,88,1.36
158,Hermanus,ZA,2021-09-27 20:03:00,-34.4187,19.2345,57.9,78,14,7.31
159,Egvekinot,RU,2021-09-27 20:03:00,66.3167,-179.1667,22.6,88,100,1.43
160,Mehamn,NO,2021-09-27 20:03:01,71.0357,27.8492,55.58,76,0,10.36
161,Hokitika,NZ,2021-09-27 20:03:01,-42.7167,170.9667,44.6,66,0,2.42
162,Redding,US,2021-09-27 20:02:55,40.5865,-122.3917,73.38,44,90,1.01
163,Synya,RU,2021-09-27 20:03:02,65.3718,58.0387,37.27,73,100,6.58
164,Manado,ID,2021-09-27 20:01:45,1.487,124.8455,75.97,100,40,0.0
165,Hami,CN,2021-09-27 20:03:02,42.8,93.45,64.69,19,1,3.53
166,Soyo,AO,2021-09-27 20:03:03,-6.1349,12.3689,75.58,83,84,7.47
167,Siuna,NI,2021-09-27 20:03:03,13.7332,-84.7773,86.4,62,93,3.38
168,Iquitos,PE,2021-09-27 20:03:03,-3.7481,-73.2472,93.61,43,68,1.97
169,Grindavik,IS,2021-09-27 20:03:04,63.8424,-22.4338,37.87,70,75,32.21
170,Kautokeino,NO,2021-09-27 20:03:04,69.0125,23.0412,47.64,91,100,16.62
171,Beyneu,KZ,2021-09-27 20:03:04,45.3167,55.2,58.41,53,80,13.85
172,Bhikhi,IN,2021-09-27 20:03:05,30.0667,75.5333,81.23,69,15,0.76
173,Yarmouth,US,2021-09-27 20:03:05,41.7057,-70.2286,75.25,71,1,10.0
174,Fomboni,KM,2021-09-27 20:03:05,-12.28,43.7425,76.44,74,0,2.73
175,Souillac,MU,2021-09-27 20:03:06,-20.5167,57.5167,71.37,69,21,14.83
176,Blythe,US,2021-09-27 20:01:11,33.6103,-114.5964,92.03,34,13,9.84
177,Saint-Andre-Avellin,CA,2021-09-27 20:03:06,45.7168,-75.066,59.83,95,100,3.94
178,Pisco,PE,2021-09-27 20:03:07,-13.7,-76.2167,65.01,77,0,8.05
179,Chongwe,ZM,2021-09-27 20:03:07,-15.3292,28.682,72.9,38,72,4.38
180,Gandajika,CD,2021-09-27 20:03:07,-6.75,23.95,71.1,79,88,3.44
181,Tombouctou,ML,2021-09-27 20:03:08,20.0,-3.0,92.28,10,0,5.95
182,Bonnyville,CA,2021-09-27 20:03:08,54.2668,-110.735,73.99,32,3,9.28
183,Norman Wells,CA,2021-09-27 20:03:09,65.282,-126.8329,33.84,86,90,2.3
184,Porbandar,IN,2021-09-27 20:03:09,21.6422,69.6093,79.99,87,100,6.33
185,Bonthe,SL,2021-09-27 20:03:09,7.5264,-12.505,76.39,86,100,13.24
186,Darnah,LY,2021-09-27 20:03:09,32.767,22.6367,74.84,70,3,17.92
187,Singapore,SG,2021-09-27 20:00:10,1.2897,103.8501,78.66,94,75,3.44
188,Torbay,CA,2021-09-27 20:03:10,47.6666,-52.7314,65.88,90,94,11.36
189,Kayerkan,RU,2021-09-27 20:03:10,69.3497,87.7602,30.36,70,30,4.56
190,Rio Gallegos,AR,2021-09-27 20:01:47,-51.6226,-69.2181,53.69,35,100,23.4
191,Bilibino,RU,2021-09-27 20:03:11,68.0546,166.4372,17.76,96,100,7.49
192,Havelock,US,2021-09-27 20:03:11,34.8791,-76.9013,81.99,52,2,3.0
193,Hay River,CA,2021-09-27 20:03:12,60.8156,-115.7999,49.05,64,87,15.3
194,Furano,JP,2021-09-27 20:03:12,43.2818,142.4743,46.94,96,99,4.29
195,Klaksvik,FO,2021-09-27 20:03:12,62.2266,-6.589,47.32,88,100,18.88
196,Houma,US,2021-09-27 19:59:58,29.5958,-90.7195,87.01,78,75,11.5
197,Muravlenko,RU,2021-09-27 20:03:13,63.7898,74.523,32.54,85,4,5.91
198,Changtu,CN,2021-09-27 20:03:13,42.7788,124.0955,57.76,96,70,4.79
199,Lancaster,US,2021-09-27 20:03:13,40.2504,-76.2499,80.29,42,1,1.01
200,Kargasok,RU,2021-09-27 20:03:14,59.0556,80.8572,33.64,91,25,6.26
201,Ixtapa,MX,2021-09-27 20:03:14,20.7,-105.2,89.22,71,73,3.0
202,Hofn,IS,2021-09-27 20:03:14,64.2539,-15.2082,43.16,78,100,17.63
203,Ambovombe,MG,2021-09-27 20:03:15,-25.1667,46.0833,70.38,71,2,8.99
204,Steenwijk,NL,2021-09-27 20:03:15,52.7875,6.1208,55.33,87,43,1.01
205,Ribeira Grande,PT,2021-09-27 20:03:16,38.5167,-28.7,70.2,78,40,14.97
206,Comodoro Rivadavia,AR,2021-09-27 20:00:01,-45.8667,-67.5,58.86,31,40,12.66
207,Port-Cartier,CA,2021-09-27 20:03:16,50.0334,-66.8654,56.93,71,87,12.24
208,Traverse City,US,2021-09-27 20:03:17,44.7631,-85.6206,69.73,71,75,10.36
209,Fredericton,CA,2021-09-27 20:03:17,45.9454,-66.6656,67.37,63,14,1.99
210,Quatre Cocos,MU,2021-09-27 20:03:17,-20.2078,57.7625,71.1,65,69,16.71
211,Marawi,PH,2021-09-27 20:03:18,7.9986,124.2928,65.64,87,71,3.38
212,Tobol,KZ,2021-09-27 20:03:18,52.6844,62.5794,36.28,92,100,16.73
213,Fortuna,US,2021-09-27 20:03:18,40.5982,-124.1573,65.43,72,75,3.0
214,New Norfolk,AU,2021-09-27 20:03:19,-42.7826,147.0587,44.74,72,78,2.89
215,Zvishavane,ZW,2021-09-27 20:03:19,-20.3267,30.0665,73.22,36,77,5.12
216,Taksimo,RU,2021-09-27 20:03:20,56.3444,114.8794,32.25,91,99,3.04
217,Saldanha,ZA,2021-09-27 20:03:20,-33.0117,17.9442,57.2,78,0,14.58
218,Port Hardy,CA,2021-09-27 20:00:18,50.6996,-127.4199,51.93,88,100,21.63
219,Aksarka,RU,2021-09-27 20:03:20,66.5606,67.7975,31.69,81,100,9.13
220,Haines Junction,CA,2021-09-27 20:03:21,60.7522,-137.5108,35.31,82,100,4.36
221,Qui Nhon,VN,2021-09-27 20:03:21,13.7667,109.2333,76.26,88,95,5.68
222,Beloha,MG,2021-09-27 20:03:22,-25.1667,45.05,74.98,46,1,13.87
223,Kutahya,TR,2021-09-27 20:03:22,39.4242,29.9833,53.49,70,0,3.04
224,Katsuura,JP,2021-09-27 20:03:22,35.1333,140.3,68.18,80,93,13.98
225,Chokurdakh,RU,2021-09-27 20:03:23,70.6333,147.9167,15.93,87,6,10.38
226,Lavrentiya,RU,2021-09-27 20:03:23,65.5833,-171.0,27.27,84,23,3.33
227,Saint Anthony,US,2021-09-27 20:00:18,45.0205,-93.218,79.14,44,1,4.0
228,Ranfurly,NZ,2021-09-27 20:03:23,-45.1333,170.1,34.65,85,13,3.36
229,Bouna,CI,2021-09-27 20:03:24,9.2667,-3.0,72.19,87,60,4.14
230,Camacari,BR,2021-09-27 20:01:09,-12.6975,-38.3242,78.57,72,2,8.61
231,Adolfo Lopez Mateos,MX,2021-09-27 20:03:24,28.4667,-107.3,72.93,31,6,16.28
232,Pakxan,LA,2021-09-27 20:03:25,18.3778,103.6601,72.07,95,30,3.0
233,East London,ZA,2021-09-27 20:03:25,-33.0153,27.9116,66.07,82,100,19.98
234,Codrington,AU,2021-09-27 20:03:25,-38.2667,141.9667,50.2,69,100,6.2
235,El Tarra,CO,2021-09-27 20:03:26,8.5756,-73.0949,93.18,45,17,4.47
236,Songjianghe,CN,2021-09-27 20:03:26,42.1859,127.479,55.15,95,100,2.26
237,Vorukh,TJ,2021-09-27 20:03:26,39.8494,70.5838,58.23,36,0,4.05
238,Cabo San Lucas,MX,2021-09-27 20:00:05,22.8909,-109.9124,95.5,65,6,4.79
239,Honningsvag,NO,2021-09-27 20:03:27,70.9821,25.9704,55.15,71,0,10.36
240,Ilulissat,GL,2021-09-27 20:03:27,69.2167,-51.1,26.62,36,1,6.91
241,Nanortalik,GL,2021-09-27 20:03:28,60.1432,-45.2371,35.74,67,1,2.64
242,Lompoc,US,2021-09-27 20:01:43,34.6391,-120.4579,70.11,77,90,9.22
243,Lumphat,KH,2021-09-27 20:03:28,13.4878,106.9816,72.59,98,53,2.24
244,Tingo Maria,PE,2021-09-27 20:03:28,-9.2895,-76.0088,92.3,37,77,5.01
245,San Patricio,US,2021-09-27 20:03:29,28.017,-97.5169,93.92,52,95,13.04
246,Krasnoselkup,RU,2021-09-27 20:03:29,65.7,82.4667,31.98,86,33,8.57
247,Ancud,CL,2021-09-27 20:03:30,-41.8697,-73.8203,54.93,70,54,7.36
248,Cam Ranh,VN,2021-09-27 20:03:30,11.9214,109.1591,76.96,94,20,3.44
249,Kapaa,US,2021-09-27 20:03:30,22.0752,-159.319,82.38,74,75,4.0
250,Nouadhibou,MR,2021-09-27 20:03:31,20.931,-17.0347,73.47,80,0,10.85
251,Ruidoso,US,2021-09-27 20:03:31,33.3317,-105.673,68.7,41,20,1.01
252,Mayo,US,2021-09-27 20:02:59,38.8876,-76.5119,82.56,47,1,5.01
253,Vanimo,PG,2021-09-27 20:03:31,-2.6741,141.3028,77.13,84,90,4.41
254,Dali,CN,2021-09-27 20:03:32,25.7,100.1833,58.62,90,34,3.58
255,Katobu,ID,2021-09-27 20:03:32,-4.9408,122.5276,73.81,94,94,2.95
256,Paragould,US,2021-09-27 20:03:32,36.0584,-90.4973,87.73,31,99,13.42
257,Bambanglipuro,ID,2021-09-27 20:02:15,-7.95,110.2833,75.87,80,88,10.85
258,Santiago Del Estero,AR,2021-09-27 20:03:33,-27.7951,-64.2615,88.81,20,0,9.1
259,Poum,NC,2021-09-27 20:03:33,-20.2333,164.0167,70.88,72,66,10.49
260,Barcelos,PT,2021-09-27 19:59:04,41.5388,-8.6151,67.28,87,99,4.79
261,Avera,US,2021-09-27 20:03:33,33.194,-82.5271,84.9,38,0,3.56
262,Lorengau,PG,2021-09-27 20:03:34,-2.0226,147.2712,81.27,78,76,7.16
263,San Vicente,AR,2021-09-27 20:03:34,-26.6167,-54.1333,90.93,23,0,2.64
264,Iracoubo,GF,2021-09-27 20:03:34,5.4802,-53.2011,84.45,68,8,12.86
265,Mbandaka,CD,2021-09-27 20:03:35,0.0487,18.2603,70.95,90,27,2.19
266,Keelung,TW,2021-09-27 20:03:35,25.1283,121.7419,79.95,90,17,4.9
267,Saskylakh,RU,2021-09-27 20:03:36,71.9167,114.0833,25.59,90,13,10.78
268,Havre-Saint-Pierre,CA,2021-09-27 20:03:36,50.2334,-63.5986,51.84,82,1,19.33
269,Mweka,CD,2021-09-27 20:03:36,-4.85,21.5667,69.17,97,100,1.92
270,Havre,FR,2021-09-27 20:03:37,49.5833,0.3333,58.77,72,75,12.66
271,Rawlins,US,2021-09-27 20:03:37,41.7911,-107.2387,78.69,11,1,8.05
272,Teguldet,RU,2021-09-27 20:03:37,57.3064,88.1667,34.59,94,87,3.38
273,Alto Paraguai,BR,2021-09-27 20:03:38,-14.5136,-56.4825,95.22,30,98,5.66
274,Jardim,BR,2021-09-27 19:59:03,-21.4803,-56.1381,100.63,17,8,3.67
275,Auki,SB,2021-09-27 20:03:38,-8.7676,160.7034,78.08,82,99,3.89
276,Cap Malheureux,MU,2021-09-27 20:03:38,-19.9842,57.6142,71.47,71,55,7.0
277,Salym,RU,2021-09-27 20:03:39,60.0625,71.4789,34.34,87,42,4.21
278,Araouane,ML,2021-09-27 20:03:39,18.9048,-3.5265,95.2,10,0,9.8
279,Flinders,AU,2021-09-27 20:03:39,-34.5833,150.8552,54.18,80,14,1.01
280,Sao Borja,BR,2021-09-27 20:03:40,-28.6606,-56.0044,88.95,33,0,3.06
281,Lagoa,PT,2021-09-27 20:03:40,39.05,-27.9833,68.2,77,90,18.25
282,Harrisburg,US,2021-09-27 20:00:08,40.2737,-76.8844,81.07,47,13,8.01
283,Scarborough,GB,2021-09-27 20:00:19,54.2797,-0.4044,56.52,73,3,5.01
284,Changping,CN,2021-09-27 20:03:41,40.2186,116.2197,65.52,93,100,1.52
285,Viedma,AR,2021-09-27 20:03:41,-40.8135,-62.9967,65.82,16,36,8.1
286,Sterling,US,2021-09-27 19:59:04,39.0062,-77.4286,82.4,45,1,1.01
287,Lewistown,US,2021-09-27 20:02:52,40.5992,-77.5714,83.77,39,1,10.36
288,Banjar,ID,2021-09-27 20:03:42,-8.19,114.9675,78.66,86,97,5.84
289,Port Blair,IN,2021-09-27 20:03:42,11.6667,92.75,79.41,86,100,8.16
290,Norden,DE,2021-09-27 20:03:42,53.6,7.2,57.96,92,61,10.94
291,Talaya,RU,2021-09-27 20:03:43,61.3833,152.75,31.71,84,100,3.47
292,Aden,YE,2021-09-27 20:03:43,12.7794,45.0367,87.33,72,19,8.43
293,Aleksandrovsk-Sakhalinskiy,RU,2021-09-27 20:03:44,50.8975,142.1561,56.66,88,88,18.28
294,Nong Han,TH,2021-09-27 20:03:44,17.3608,103.1053,76.14,92,74,2.59
295,Emerald,AU,2021-09-27 20:03:44,-23.5333,148.1667,64.98,57,6,12.3
296,Offa,NG,2021-09-27 20:03:45,8.15,4.7167,71.44,96,94,5.03
297,Abu Samrah,SY,2021-09-27 20:03:45,35.3029,37.1841,71.56,49,0,11.5
298,Wanning,CN,2021-09-27 20:03:45,18.8003,110.3967,77.47,91,20,4.7
299,Adrar,MR,2021-09-27 20:03:46,20.5022,-10.0711,96.57,8,0,6.49
300,Shieli,KZ,2021-09-27 20:03:46,44.1667,66.75,60.58,49,0,4.5
301,Cidreira,BR,2021-09-27 20:03:46,-30.1811,-50.2056,69.66,84,0,11.21
302,Saurimo,AO,2021-09-27 20:03:47,-9.6608,20.3916,69.66,71,89,4.16
303,Vila,PT,2021-09-27 20:03:47,42.0304,-8.1588,56.7,91,100,1.23
304,Silver City,US,2021-09-27 19:58:51,32.7701,-108.2803,67.68,54,75,13.0
305,Sao Joao Da Barra,BR,2021-09-27 20:03:47,-21.6403,-41.0511,77.09,81,86,17.11
306,Sorland,NO,2021-09-27 20:03:48,67.667,12.6934,53.67,84,67,11.81
307,Mount Isa,AU,2021-09-27 20:01:21,-20.7333,139.5,73.62,16,53,7.72
308,Mocuba,MZ,2021-09-27 20:03:48,-16.8392,36.9856,77.18,56,94,4.92
309,Palana,RU,2021-09-27 20:03:49,59.1167,159.9667,35.92,73,91,9.26
310,Nuuk,GL,2021-09-27 20:03:49,64.1835,-51.7216,36.21,35,1,12.66
311,Dezhou,CN,2021-09-27 20:03:50,37.4486,116.2925,64.94,90,100,3.13
312,Port Lincoln,AU,2021-09-27 20:00:18,-34.7333,135.8667,58.17,70,78,1.99
313,San Antonio Del Monte,SV,2021-09-27 20:03:50,13.7164,-89.7383,98.55,79,79,4.23
314,Assiniboia,CA,2021-09-27 20:03:51,49.6334,-105.9845,84.49,15,73,20.04
315,Dalgopol,BG,2021-09-27 20:03:51,43.05,27.35,64.45,91,1,4.18
316,Seoul,KR,2021-09-27 20:00:05,37.5683,126.9778,69.24,67,100,3.02
317,Mindelo,CV,2021-09-27 20:03:51,16.8901,-24.9804,80.15,78,20,19.57
318,Sakakah,SA,2021-09-27 20:03:52,29.9697,40.2064,83.01,21,0,8.05
319,Luderitz,NA,2021-09-27 20:03:52,-26.6481,15.1594,58.19,73,0,23.44
320,Najran,SA,2021-09-27 20:03:53,17.4924,44.1277,75.96,19,12,3.85
321,Biak,ID,2021-09-27 20:03:53,-0.9131,122.8766,75.31,83,98,6.51
322,Dingle,PH,2021-09-27 20:03:53,10.9995,122.6711,75.52,90,99,2.68
323,Vestmannaeyjar,IS,2021-09-27 20:03:54,63.4427,-20.2734,40.59,68,100,23.73
324,Sabang,ID,2021-09-27 20:03:54,5.8933,95.3214,80.74,79,100,10.36
325,Arbagar,RU,2021-09-27 20:03:54,51.9438,116.2805,38.86,65,92,5.77
326,Bambous Virieux,MU,2021-09-27 20:03:55,-20.3428,57.7575,71.22,64,59,16.78
327,Dukat,RU,2021-09-27 20:03:55,62.55,155.55,26.22,92,93,2.82
328,Buta,CD,2021-09-27 20:03:55,2.7858,24.73,70.34,97,92,3.47
329,Honiara,SB,2021-09-27 20:03:56,-9.4333,159.95,76.68,88,100,5.53
330,Collie,AU,2021-09-27 20:03:56,-33.3667,116.15,48.97,98,33,4.43
331,Beringovskiy,RU,2021-09-27 20:03:56,63.05,179.3167,36.37,69,44,2.77
332,Pedra Branca,BR,2021-09-27 20:03:57,-5.4542,-39.7172,88.48,32,97,9.98
333,Miles City,US,2021-09-27 20:03:57,46.4083,-105.8406,88.77,13,1,11.5
334,Te Anau,NZ,2021-09-27 20:03:57,-45.4167,167.7167,38.21,72,19,0.92
335,Vila Franca Do Campo,PT,2021-09-27 20:03:58,37.7167,-25.4333,72.01,87,13,6.38
336,Vila Velha,BR,2021-09-27 20:00:29,-20.3297,-40.2925,80.96,72,72,13.13
337,Port Keats,AU,2021-09-27 20:03:58,-14.25,129.55,76.33,87,70,3.76
338,Singaraja,ID,2021-09-27 20:03:59,-8.112,115.0882,77.97,80,86,5.41
339,Elat,IL,2021-09-27 20:03:59,29.5581,34.9482,85.84,32,0,11.5
340,Mocajuba,BR,2021-09-27 20:03:59,-2.5842,-49.5072,81.95,68,89,4.68
341,Sechura,PE,2021-09-27 20:04:00,-5.5569,-80.8222,72.79,64,67,16.69
342,Monroe,US,2021-09-27 20:04:00,43.1501,-77.6831,77.95,58,75,19.57
343,Katherine,AU,2021-09-27 20:04:01,-14.4667,132.2667,79.12,69,20,5.75
344,Verkhnyaya Inta,RU,2021-09-27 20:04:01,65.9811,60.3094,36.88,73,100,7.9
345,Olavarria,AR,2021-09-27 20:04:01,-36.8927,-60.3225,51.03,72,100,6.76
346,Saint-Augustin,CA,2021-09-27 20:04:02,51.226,-58.6502,59.85,79,44,16.37
347,Masakin,TN,2021-09-27 20:04:02,35.7292,10.5808,80.06,74,20,5.75
348,Talnakh,RU,2021-09-27 20:04:03,69.4865,88.3972,30.78,59,40,2.51
349,Umm Lajj,SA,2021-09-27 20:04:03,25.0213,37.2685,84.18,53,0,8.57
350,Rundu,NA,2021-09-27 20:04:04,-17.9333,19.7667,72.39,15,0,4.0
351,Svetlogorsk,BY,2021-09-27 20:04:04,52.6333,29.7333,44.26,91,14,5.95
352,Hoquiam,US,2021-09-27 20:04:04,46.9809,-123.8893,59.52,63,90,11.5
353,Sola,VU,2021-09-27 20:04:05,-13.8833,167.55,79.63,79,62,19.71
354,Jalingo,NG,2021-09-27 20:04:05,8.8833,11.3667,77.14,84,76,3.36
355,Bijapur,IN,2021-09-27 20:04:05,16.8333,75.7,70.18,95,100,18.52
356,Anna,RU,2021-09-27 20:04:06,51.4842,40.4299,48.33,87,100,8.68
357,Trelew,AR,2021-09-27 20:04:06,-43.249,-65.3051,64.47,15,45,15.79
358,Yibin,CN,2021-09-27 20:00:28,28.7667,104.6238,71.33,87,100,1.88
359,Severo-Kurilsk,RU,2021-09-27 20:04:07,50.6789,156.125,46.99,90,18,9.33
360,Anadyr,RU,2021-09-27 20:01:10,64.75,177.4833,37.0,69,100,6.51
361,Hirara,JP,2021-09-27 20:04:07,24.8,125.2833,83.01,75,70,15.9
362,Portland,US,2021-09-27 20:00:27,45.5234,-122.6762,60.13,94,90,4.0
363,Ajjampur,IN,2021-09-27 20:04:07,13.7281,76.0094,70.12,82,100,7.99
364,Puri,IN,2021-09-27 20:04:08,19.8,85.85,82.38,84,100,7.72
365,Zambezi,ZM,2021-09-27 20:04:08,-13.5432,23.1047,74.5,30,55,1.66
366,Palasa,IN,2021-09-27 20:04:08,18.7667,84.4167,78.22,89,100,1.34
367,Junin,AR,2021-09-27 20:04:09,-34.5838,-60.9433,55.98,71,100,13.87
368,Victoria,HK,2021-09-27 20:01:20,22.2855,114.1577,85.32,79,1,1.01
369,Pandan,PH,2021-09-27 20:04:09,14.0453,124.1694,80.33,86,92,3.27
370,Dhidhdhoo,MV,2021-09-27 20:04:10,6.8833,73.1,81.5,77,100,17.56
371,Namatanai,PG,2021-09-27 20:04:10,-3.6667,152.4333,79.34,81,91,3.91
372,Ust-Kulom,RU,2021-09-27 20:04:10,61.6864,53.6902,33.6,85,85,2.62
373,The Valley,AI,2021-09-27 20:04:11,18.217,-63.0578,87.82,62,20,9.22
374,Lata,PT,2021-09-27 20:04:11,40.1629,-8.3327,70.03,95,88,3.31
375,Krasnyy Oktyabr,RU,2021-09-27 20:04:11,56.1167,38.8833,45.68,91,100,10.25
376,Kloulklubed,PW,2021-09-27 20:04:12,7.0419,134.2556,79.3,74,94,8.37
377,Ivolginsk,RU,2021-09-27 20:04:12,51.7492,107.2837,26.26,93,12,4.47
378,Gwadar,PK,2021-09-27 20:04:12,25.1216,62.3254,82.83,74,25,9.66
379,Meulaboh,ID,2021-09-27 20:04:13,4.1363,96.1285,77.02,86,100,9.86
380,Mawlaik,MM,2021-09-27 20:04:13,23.6333,94.4167,74.23,92,40,1.12
381,La Romana,DO,2021-09-27 20:00:14,18.4273,-68.9728,84.52,70,73,7.7
382,Hernani,ES,2021-09-27 20:04:14,43.2662,-1.9762,65.43,87,40,1.01
383,Yanam,IN,2021-09-27 20:04:14,16.7333,82.2167,75.33,97,100,2.53
384,Catuday,PH,2021-09-27 20:04:14,16.2923,119.8062,80.94,77,90,1.59
385,Mackenzie,CA,2021-09-27 20:00:18,55.2999,-123.1698,52.02,87,90,3.44
386,Melville,US,2021-09-27 20:04:15,40.7934,-73.4151,81.97,58,1,4.0
387,Hlukhiv,UA,2021-09-27 20:04:15,51.6782,33.9162,43.66,95,25,7.31
388,Panalingaan,PH,2021-09-27 20:04:16,8.7842,117.4231,79.11,85,63,2.04
389,Halifax,CA,2021-09-27 20:03:55,44.6453,-63.5724,69.01,51,15,1.01
390,Berlevag,NO,2021-09-27 20:04:16,70.8578,29.0864,55.35,67,0,16.11
391,Bull Savanna,JM,2021-09-27 20:04:16,17.8868,-77.5902,82.85,68,28,3.36
392,Cayenne,GF,2021-09-27 20:04:17,4.9333,-52.3333,87.84,74,0,5.99
393,Tabuk,PH,2021-09-27 20:04:17,17.4189,121.4443,73.09,92,93,2.48
394,Umtata,ZA,2021-09-27 20:04:18,-31.5889,28.7844,61.48,76,79,6.29
395,Ippy,CF,2021-09-27 20:00:14,6.2679,21.2247,69.69,91,89,1.21
396,Laguna,US,2021-09-27 20:04:18,38.421,-121.4238,82.31,54,1,5.99
397,Osoyoos,CA,2021-09-27 20:00:54,49.0331,-119.4524,69.39,43,53,12.44
398,Mangai,CD,2021-09-27 20:04:19,-4.05,19.5333,70.21,95,73,1.66
399,Henties Bay,NA,2021-09-27 20:04:19,-22.116,14.2845,57.85,89,71,13.91
400,Christchurch,NZ,2021-09-27 19:59:33,-43.5333,172.6333,44.91,90,0,2.3
401,Lakatoro,VU,2021-09-27 20:04:20,-16.0999,167.4164,77.22,80,67,9.48
402,Pierre,US,2021-09-27 20:00:34,44.3683,-100.351,92.98,31,0,7.0
403,West Wendover,US,2021-09-27 20:04:20,40.7391,-114.0733,78.01,14,1,6.91
404,Kankon,IN,2021-09-27 20:04:20,15.0167,74.0167,76.64,84,100,1.07
405,Kahului,US,2021-09-27 20:04:21,20.8947,-156.47,87.06,67,1,20.71
406,Nizwa,OM,2021-09-27 20:04:21,22.9333,57.5333,82.29,54,81,3.0
407,Atar,MR,2021-09-27 20:04:21,20.5169,-13.0499,99.14,10,0,8.81
408,Parsabad,IR,2021-09-27 20:04:22,39.6482,47.9174,65.61,80,0,8.95
409,Minab,IR,2021-09-27 20:04:22,27.1467,57.0801,85.5,65,2,2.24
410,Rancho Palos Verdes,US,2021-09-27 20:03:31,33.7445,-118.387,70.54,80,90,3.0
411,Longyearbyen,SJ,2021-09-27 20:02:46,78.2186,15.6401,33.64,86,90,5.75
412,Yulara,AU,2021-09-27 20:04:23,-25.2406,130.9889,59.81,35,3,10.51
413,Acarau,BR,2021-09-27 20:00:06,-2.8856,-40.12,82.36,72,83,20.11
414,Kamareddi,IN,2021-09-27 20:04:23,18.3167,78.35,71.44,98,100,13.69
415,Naushki,RU,2021-09-27 20:04:23,50.3828,106.1056,37.63,70,100,12.06
416,Devils Lake,US,2021-09-27 20:01:51,48.1128,-98.8651,76.95,43,20,13.0
417,Juneau,US,2021-09-27 20:01:44,58.3019,-134.4197,48.85,99,100,1.66
418,Koumac,NC,2021-09-27 20:04:24,-20.5667,164.2833,69.24,72,8,6.24
419,Rongcheng,CN,2021-09-27 20:04:24,30.634,117.8517,74.57,94,55,2.53
420,Cessnock,AU,2021-09-27 20:04:25,-32.8333,151.35,52.09,96,61,1.68
421,Zaliztsi,UA,2021-09-27 20:04:25,49.7919,25.373,46.31,76,5,9.8
422,Touros,BR,2021-09-27 19:59:56,-5.1989,-35.4608,83.3,77,7,18.25
423,Paamiut,GL,2021-09-27 20:04:25,61.994,-49.6678,34.32,59,0,4.27
424,Oussouye,SN,2021-09-27 20:04:26,12.485,-16.5469,79.92,86,56,7.31
425,Pevek,RU,2021-09-27 20:04:26,69.7008,170.3133,22.39,72,100,2.15
426,Nador,MA,2021-09-27 20:04:26,35.174,-2.9287,70.05,88,0,0.0
427,Sochi,RU,2021-09-27 20:02:38,43.6,39.7303,57.29,79,91,4.03
428,Lumberton,US,2021-09-27 20:04:27,34.6182,-79.0086,86.45,39,0,5.82
429,Puquio,PE,2021-09-27 20:04:27,-14.7,-74.1333,65.34,33,25,12.8
430,Kruisfontein,ZA,2021-09-27 20:04:28,-34.0033,24.7314,60.89,89,14,13.35
431,Kachiry,KZ,2021-09-27 20:04:28,53.0675,76.1036,40.59,66,100,13.24
432,Mahebourg,MU,2021-09-27 20:04:28,-20.4081,57.7,72.25,65,47,16.71
433,Formosa,AR,2021-09-27 20:04:29,-26.1775,-58.1781,99.14,23,56,6.71
434,Wabag,PG,2021-09-27 20:04:29,-5.4781,143.7021,56.14,99,100,0.76
435,Warangal,IN,2021-09-27 20:04:29,18.0,79.5833,73.35,96,100,14.61
436,Dongning,CN,2021-09-27 20:04:30,44.0622,131.1207,61.39,97,100,2.71
437,Sorong,ID,2021-09-27 20:04:30,-0.8833,131.25,77.94,87,74,5.59
438,Nantucket,US,2021-09-27 20:04:30,41.2835,-70.0995,73.96,70,1,16.11
439,Roros,NO,2021-09-27 20:04:31,62.5747,11.3842,49.84,87,90,23.02
440,Gushikawa,JP,2021-09-27 20:04:31,26.3544,127.8686,78.03,86,1,6.91
441,Margate,GB,2021-09-27 20:04:31,51.3813,1.3862,58.03,72,0,1.99
442,Nikolayevsk-Na-Amure,RU,2021-09-27 20:04:32,53.1406,140.73,52.27,95,100,3.38
443,Namibe,AO,2021-09-27 20:04:32,-15.1961,12.1522,63.34,89,31,8.3
444,Vinh,VN,2021-09-27 20:04:32,18.6667,105.6667,75.7,91,62,3.6
445,Cagliliog,PH,2021-09-27 20:04:33,13.9016,123.2913,78.98,89,100,3.65
446,Tilichiki,RU,2021-09-27 20:04:33,60.4667,166.1,33.71,77,100,4.85
447,Simi Valley,US,2021-09-27 20:00:18,34.2695,-118.7815,84.54,75,0,1.99
448,Kandiaro,PK,2021-09-27 20:04:34,27.0601,68.2091,90.36,42,1,3.38
449,Salalah,OM,2021-09-27 20:04:34,17.0151,54.0924,80.69,94,75,5.75
450,Sungaipenuh,ID,2021-09-27 20:04:34,-2.0833,101.3833,64.09,95,70,2.42
451,Mwene-Ditu,CD,2021-09-27 20:04:35,-7.0,23.45,68.41,86,86,4.32
452,Vallenar,CL,2021-09-27 20:04:35,-28.5708,-70.7581,87.15,16,0,7.87
453,Yining,CN,2021-09-27 20:04:35,29.0361,114.5636,74.59,95,60,0.96
454,Sotuta,MX,2021-09-27 20:04:36,20.6,-89.0167,93.2,46,75,1.23
455,Pizarro,CO,2021-09-27 20:04:36,4.9533,-77.366,81.3,83,92,10.31
456,Listowel,IE,2021-09-27 20:04:36,52.4464,-9.485,50.85,79,60,15.37
457,Iquique,CL,2021-09-27 20:04:37,-20.2208,-70.1431,62.64,72,28,1.86
458,Chizhou,CN,2021-09-27 20:04:37,30.6578,117.4831,73.53,91,72,4.09
459,Lazaro Cardenas,MX,2021-09-27 20:04:37,17.9583,-102.2,85.28,69,99,7.14
460,Ibra,OM,2021-09-27 20:04:38,22.6906,58.5334,81.66,55,70,7.11
461,Karkal,IN,2021-09-27 20:04:38,13.2,74.9833,73.22,97,100,1.99
462,Panguna,PG,2021-09-27 20:04:38,-6.3164,155.4848,68.27,93,94,1.28
463,Axim,GH,2021-09-27 20:04:39,4.8699,-2.2405,77.18,89,100,7.54
464,Hervey Bay,AU,2021-09-27 20:04:20,-25.2986,152.8535,65.03,68,100,14.18
465,Senno,RU,2021-09-27 20:04:39,59.5336,33.9167,46.26,97,7,4.63
466,Salmas,IR,2021-09-27 20:04:40,38.1973,44.7653,56.3,27,0,1.16
467,Tiznit,MA,2021-09-27 20:04:40,29.5833,-9.5,78.62,30,0,2.21
468,Liverpool,GB,2021-09-27 20:03:04,53.4106,-2.9779,54.61,77,40,1.01
469,Rovnoye,RU,2021-09-27 20:04:41,50.7765,46.0509,51.39,76,100,14.63
470,Nyurba,RU,2021-09-27 20:04:41,63.2842,118.3319,31.41,91,45,10.63
471,Badiraguato,MX,2021-09-27 20:04:41,25.3667,-107.5167,93.7,47,3,6.15
472,Concarneau,FR,2021-09-27 20:04:42,47.875,-3.9225,61.05,78,50,7.38
473,Vostok,RU,2021-09-27 20:04:42,46.4856,135.8833,53.35,98,100,3.58
474,Tateyama,JP,2021-09-27 20:04:42,34.9833,139.8667,68.09,81,54,16.15
475,La Reforma,MX,2021-09-27 20:04:43,25.0833,-108.05,96.75,58,3,9.26
476,Grasse,FR,2021-09-27 20:04:43,43.6667,6.9167,63.39,86,0,3.44
477,Usinsk,RU,2021-09-27 20:04:43,65.9939,57.5281,37.8,71,100,9.53
478,Santa Maria Del Oro,MX,2021-09-27 20:04:44,25.9333,-105.3667,78.96,39,52,7.78
479,Kamennomostskiy,RU,2021-09-27 20:04:44,44.2983,40.1856,51.76,94,87,1.74
480,Jumla,NP,2021-09-27 20:04:44,29.2747,82.1838,58.77,92,100,1.74
481,Mareeba,AU,2021-09-27 20:04:45,-17.0,145.4333,68.72,94,48,2.64
482,Tambura,SS,2021-09-27 20:04:45,5.6,27.4667,75.11,73,97,2.44
483,Cimarron Hills,US,2021-09-27 20:04:45,38.8586,-104.6989,85.21,16,75,10.36
484,Ostrovnoy,RU,2021-09-27 20:04:46,68.0531,39.5131,45.23,89,99,4.05
485,Fort Nelson,CA,2021-09-27 20:00:18,58.8053,-122.7002,42.39,93,90,2.3
486,Khorixas,NA,2021-09-27 20:04:46,-20.3667,14.9667,61.59,53,0,9.4
487,Carbonia,IT,2021-09-27 20:04:47,39.1672,8.5222,74.05,87,97,7.34
488,Yei,SS,2021-09-27 20:04:47,4.095,30.6779,66.38,94,51,1.74
489,Zonguldak,TR,2021-09-27 20:04:47,41.25,31.8333,50.16,91,0,3.11
490,Maniitsoq,GL,2021-09-27 20:04:48,65.4167,-52.9,35.56,51,0,4.74
491,Tagusao,PH,2021-09-27 20:04:48,9.1924,117.8141,79.43,85,62,2.77
492,Nabire,ID,2021-09-27 20:04:48,-3.3667,135.4833,75.29,87,81,3.15
493,Sukhumi,GE,2021-09-27 20:04:49,43.0033,41.0153,58.91,77,68,3.31
494,Batagay-Alyta,RU,2021-09-27 20:04:49,67.8006,130.4114,24.94,91,38,3.6
495,Kupang,ID,2021-09-27 20:04:49,-10.1667,123.5833,74.41,86,94,4.61
496,Magaria,NE,2021-09-27 20:04:50,12.9983,8.9099,86.77,25,1,3.2
497,Esperance,AU,2021-09-27 20:04:50,-33.8667,121.9,55.24,84,86,17.72
498,Chissamba,AO,2021-09-27 20:04:50,-12.1667,17.3333,71.06,40,30,4.47
499,Amursk,RU,2021-09-27 20:04:51,50.2261,136.8994,58.3,97,100,6.2
500,Maldonado,UY,2021-09-27 20:01:28,-34.6667,-54.9167,58.23,85,99,13.78
501,Ginir,ET,2021-09-27 20:04:51,7.1333,40.7,65.79,60,100,2.44
502,Bassano,CA,2021-09-27 20:04:52,50.7834,-112.4685,77.95,22,56,29.48
503,Wuwei,CN,2021-09-27 20:04:52,37.9281,102.6414,60.51,40,11,3.65
504,Bontang,ID,2021-09-27 20:04:52,0.1333,117.5,77.0,89,100,6.22
505,Rybnaya Sloboda,RU,2021-09-27 20:04:53,55.4613,50.1409,40.98,83,100,18.59
506,Edgewater,US,2021-09-27 19:59:55,28.9889,-80.9023,90.16,52,0,8.01
507,Pionerskiy,RU,2021-09-27 20:04:53,54.9508,20.2275,46.24,74,17,16.46
508,Riyadh,SA,2021-09-27 20:03:55,24.6877,46.7219,77.14,13,73,9.62
509,Karasjok,NO,2021-09-27 20:04:54,69.4719,25.5112,53.71,91,72,7.74
510,Kirakira,SB,2021-09-27 20:04:54,-10.4544,161.9205,77.38,91,100,8.05
511,Saint-Georges,GD,2021-09-27 20:04:54,12.0564,-61.7485,84.52,68,33,5.84
512,Ponta Delgada,PT,2021-09-27 20:04:55,37.7333,-25.6667,72.32,83,20,4.61
513,Shar,KZ,2021-09-27 20:04:55,49.5886,81.0453,41.59,62,100,6.31
514,Ballina,AU,2021-09-27 20:04:55,-28.8667,153.5667,46.58,56,100,4.83
515,Winslow,US,2021-09-27 20:02:21,35.0242,-110.6974,67.96,63,40,1.01
516,Chateau-Thierry,FR,2021-09-27 20:04:56,49.05,3.4,56.35,78,32,2.01
517,Mayya,RU,2021-09-27 20:04:56,61.7333,130.2811,34.92,70,100,9.06
518,Puli,TW,2021-09-27 20:02:12,23.9664,120.9695,78.22,87,3,4.25
519,Tsaratanana,MG,2021-09-27 20:04:56,-16.7833,47.65,70.56,62,8,11.03
520,Yeniseysk,RU,2021-09-27 20:04:57,58.4497,92.1703,32.95,91,99,3.78
521,Zhigansk,RU,2021-09-27 20:04:57,66.7697,123.3711,34.03,87,89,26.6
522,Hyeres,FR,2021-09-27 20:04:58,43.1167,6.1167,73.69,61,0,3.44
523,Pullman,US,2021-09-27 20:04:58,46.7313,-117.1796,73.58,43,75,1.01
524,Arman,RU,2021-09-27 20:04:58,59.7,150.1667,37.87,80,1,2.86
525,Carballo,ES,2021-09-27 20:04:59,43.213,-8.691,61.86,85,100,2.64
526,Fethiye,TR,2021-09-27 20:04:59,36.6217,29.1164,67.87,42,0,4.56
527,Oranjemund,NA,2021-09-27 20:04:59,-28.55,16.4333,55.6,80,34,11.03
528,Saint-Joseph,RE,2021-09-27 20:05:00,-21.3667,55.6167,68.38,80,45,11.48
529,Misasi,TZ,2021-09-27 20:05:00,-3.0,33.0833,75.83,55,88,4.7
530,Barra Do Garcas,BR,2021-09-27 20:05:00,-15.89,-52.2567,97.41,24,76,3.78
531,Lesozavodsk,RU,2021-09-27 20:05:01,45.4794,133.4244,59.31,97,100,7.56
532,Ulety,RU,2021-09-27 20:05:01,51.3572,112.4849,31.96,69,47,4.52
533,Hualmay,PE,2021-09-27 20:05:01,-11.0964,-77.6139,67.12,70,50,10.22
534,Faya,SA,2021-09-27 20:05:03,18.3851,42.4509,64.92,26,99,3.4
535,Marquette,US,2021-09-27 20:05:04,46.5333,-87.6335,58.44,76,92,8.97
536,Camana,PE,2021-09-27 20:05:04,-16.6228,-72.7111,65.21,66,55,6.02
537,Otsuki,JP,2021-09-27 20:05:04,35.6,138.9333,61.99,93,83,2.35
538,San Matias,BO,2021-09-27 20:05:05,-16.3667,-58.4,100.76,23,71,4.59
539,Manaus,BR,2021-09-27 20:00:09,-3.1019,-60.025,76.71,91,98,11.36
540,Kovdor,RU,2021-09-27 20:05:05,67.5662,30.4758,44.28,93,71,4.47
541,Kinablangan,PH,2021-09-27 20:05:06,7.6947,126.5503,78.28,82,95,3.2
542,Port Macquarie,AU,2021-09-27 20:05:06,-31.4333,152.9167,51.89,76,100,7.96
543,Abnub,EG,2021-09-27 20:05:06,27.2696,31.1511,77.02,31,0,7.45
544,High Level,CA,2021-09-27 20:05:07,58.5169,-117.136,48.31,93,90,14.97
545,Misratah,LY,2021-09-27 20:05:07,32.3754,15.0925,76.71,62,0,9.8
546,Urumqi,CN,2021-09-27 20:05:07,43.801,87.6005,54.55,24,0,6.71
547,Buala,SB,2021-09-27 20:05:08,-8.145,159.5921,79.54,82,99,6.26
548,Lufilufi,WS,2021-09-27 20:05:08,-13.8745,-171.5986,83.79,74,17,11.59
549,Booue,GA,2021-09-27 20:05:08,-0.0921,11.9385,73.36,97,100,1.12
550,Pryluky,UA,2021-09-27 20:05:09,50.5932,32.3876,45.63,92,11,7.05
551,Puerto Carreno,CO,2021-09-27 20:05:09,6.189,-67.4859,90.1,54,70,5.41
552,Portage,US,2021-09-27 20:05:10,41.1667,-81.1998,83.98,46,1,9.22
553,Zabid,YE,2021-09-27 20:05:10,14.1951,43.3152,88.36,64,42,7.18
554,Basco,PH,2021-09-27 20:05:10,20.4487,121.9702,83.77,78,16,13.38
555,Stodolishche,RU,2021-09-27 20:05:11,54.1859,32.6492,42.89,92,51,6.46
556,Gbadolite,CD,2021-09-27 20:05:11,4.2833,21.0167,70.66,95,27,2.82
557,Pitimbu,BR,2021-09-27 20:05:11,-7.4706,-34.8086,81.19,78,24,18.07
558,Cheremukhovo,RU,2021-09-27 20:05:12,60.3484,59.9851,29.07,96,22,4.56
559,Porto,PT,2021-09-27 20:00:15,41.1496,-8.611,66.29,85,75,1.01
560,Angoram,PG,2021-09-27 20:05:12,-4.0625,144.0661,74.19,99,100,1.77
561,Tafalla,ES,2021-09-27 20:05:12,42.5269,-1.6745,67.05,82,91,9.6
562,Kiama,AU,2021-09-27 20:01:47,-34.6833,150.8667,54.37,80,19,9.66
563,Babusnica,RS,2021-09-27 20:05:13,43.0597,22.4117,67.6,99,98,1.54
564,Whitehorse,CA,2021-09-27 20:05:13,60.7161,-135.0538,33.1,99,100,5.99
565,Shimoda,JP,2021-09-27 20:05:14,34.6667,138.95,65.1,83,39,17.0
566,Jinchang,CN,2021-09-27 20:05:14,38.4953,102.1739,62.55,27,1,5.1
567,Voyinka,UA,2021-09-27 20:05:14,45.8699,33.9914,55.47,56,3,7.11
568,Gravdal,NO,2021-09-27 20:05:15,68.1214,13.5031,60.48,82,0,4.61
569,Akyab,MM,2021-09-27 20:05:15,20.15,92.9,78.51,89,100,11.83
570,Okhotsk,RU,2021-09-27 20:05:15,59.3833,143.3,46.74,85,100,6.02
